{
  "cameras": 
  [
     {
      "name": "camera_perception_front",
      "model": "standard",
      "image_size": [
        1920,
        1080
      ],
      "poses": {
      "R": [
        [
          1.0,
          0.0,
          0.0
        ],
        [
          0.0,
          1.0,
          0.0
        ],
        [
          0.0,
          0.0,
          1.0
        ]
      ],
      "T": [
        0.0,
        0.0,
        0.0
      ]
    },
      "K": [
        [
          494.89244277516804,
          0.0,
          960.1632657090845
        ],
        [
          0.0,
          496.8043541242861,
          556.7834280958546
        ],
        [
          0.0,
          0.0,
          1.0
        ]
      ],
      "dist": [
        [
          0.17081382220647445
        ],
        [
          -0.07296215094451584
        ],
        [
          0.019165294917896987
        ],
        [
          -0.0030440312876943865
        ]
      ]
    },
    {
      "name" : "camera_perception_right",
      "model": "standard",
      "image_size": [
        1920,
        1080
      ],
      "poses": {
      "R": [
        [
          0.9928848318444728,
          0.05785675376021508,
          0.1040783682496159
        ],
        [
          -0.03556792998962298,
          0.9782241893574602,
          -0.2044807025423012
        ],
        [
          -0.11364256706633345,
          0.19932393584381583,
          0.9733218047235479
        ]
      ],
      "T": [
        0.09196671622420602,
        -0.010522305764741873,
        -0.02024726974230395
      ]
    },
      "K": [
        [
          494.0932517641871,
          0.0,
          965.6630224751851
        ],
        [
          0.0,
          496.15836681393023,
          555.4900247233836
        ],
        [
          0.0,
          0.0,
          1.0
        ]
      ],
      "dist": [
        [
          0.15215301577545992
        ],
        [
          -0.02970433522331535
        ],
        [
          -0.011225155171040004
        ],
        [
          0.003569054361016521
        ]
      ]
    }
    
  ]
}
